experiment,variant,nodes,seed,generated,pdr,latency_s,hops,data_tx,control_tx,tx_per_delivery,energy_per_delivery,bytes_total,collisions_per_msg,sos_pdr,sos_latency_s,sinkhole_drops,ids_detection_s,false_positives,fl_rounds,triage_raw_bytes,triage_air_bytes,sos_raw_bytes,sos_air_bytes,pdr_w09,pdr_w07,pdr_w02,pdr_w06,pdr_w08,pdr_w01,pdr_w05,pdr_w03,pdr_w00,pdr_w04,pdr_after_attack
scaling,Flooding (BitChat TTL=7),16,0,84,0.75,0.8126984126984127,2.0317460317460316,925,0,14.682539682539682,1.664546825396826,50798,17.595238095238095,0.7647058823529411,0.9538461538461539,0,nan,0,0,95.21428571428571,55.964285714285715,114.05882352941177,29.647058823529413,,,,,,,,,,,
scaling,Flooding (BitChat TTL=7),16,1,84,0.8333333333333334,0.8685714285714287,2.1714285714285713,1012,0,14.457142857142857,1.7737171428571437,58683,18.345238095238095,0.8,1.05,0,nan,0,0,93.82142857142857,58.23809523809524,113.1,29.0,,,,,,,,,,,
scaling,Flooding (BitChat TTL=7),16,2,84,0.9285714285714286,0.8564102564102566,2.141025641025641,1146,0,14.692307692307692,1.8677320512820519,64414,25.452380952380953,0.9473684210526315,0.8666666666666667,0,nan,0,0,96.8452380952381,56.79761904761905,115.36842105263158,29.63157894736842,,,,,,,,,,,
scaling,Flooding (BitChat TTL=7),16,3,84,0.7976190476190477,0.8597014925373135,2.1492537313432836,1016,0,15.164179104477611,1.7879708955223874,56492,19.61904761904762,0.7647058823529411,0.7692307692307693,0,nan,0,0,94.07142857142857,55.79761904761905,113.23529411764706,29.470588235294116,,,,,,,,,,,
scaling,Flooding (BitChat TTL=7),16,4,84,0.7023809523809523,0.9694915254237289,2.4237288135593222,871,0,14.76271186440678,1.567839830508475,50512,9.69047619047619,0.6470588235294118,1.0181818181818183,0,nan,0,0,95.32142857142857,57.05952380952381,111.29411764705883,29.352941176470587,,,,,,,,,,,
scaling,Flooding (BitChat TTL=7),16,5,84,0.6785714285714286,0.9473684210526317,2.3684210526315788,942,0,16.526315789473685,1.9358666666666666,53711,16.095238095238095,0.6923076923076923,0.8888888888888888,0,nan,0,0,94.54761904761905,57.523809523809526,112.76923076923077,29.692307692307693,,,,,,,,,,,
scaling,MARL (full),16,0,84,0.9166666666666666,5.293506493506494,2.844155844155844,400,743,14.844155844155845,0.7312227272727408,54500,0.0,0.9411764705882353,4.481249999999832,0,nan,0,31,95.21428571428571,55.964285714285715,114.05882352941177,29.647058823529413,,,,,,,,,,,
scaling,MARL (full),16,1,84,0.8571428571428571,6.20833333333315,3.0,443,797,17.22222222222222,0.832522916666682,58720,0.0,1.0,6.379999999999731,0,nan,0,38,93.82142857142857,58.23809523809524,113.1,29.0,,,,,,,,,,,
scaling,MARL (full),16,2,84,0.9642857142857143,5.064197530864123,3.037037037037037,427,834,15.567901234567902,0.7871820987654425,59120,0.0,1.0,2.426315789473737,0,nan,0,34,96.8452380952381,56.79761904761905,115.36842105263158,29.63157894736842,,,,,,,,,,,
scaling,MARL (full),16,3,84,0.8928571428571429,5.9093333333332785,3.026666666666667,475,863,17.84,0.8102226666666905,59640,0.0,1.0,8.029411764705491,0,nan,0,35,94.07142857142857,55.79761904761905,113.23529411764706,29.470588235294116,,,,,,,,,,,
scaling,MARL (full),16,4,84,0.8571428571428571,10.35416666666654,3.875,590,884,20.47222222222222,0.8008020833333549,67245,0.0,0.8823529411764706,8.013333333333117,0,nan,0,34,95.32142857142857,57.05952380952381,111.29411764705883,29.352941176470587,,,,,,,,,,,
scaling,MARL (full),16,5,84,0.8333333333333334,10.901428571428143,3.7857142857142856,598,924,21.742857142857144,0.9154971428571532,69342,0.0,0.9230769230769231,9.541666666666206,0,nan,0,40,94.54761904761905,57.523809523809526,112.76923076923077,29.692307692307693,,,,,,,,,,,
scaling,MARL w/o learning (PRoPHET prior),16,0,84,0.8928571428571429,7.279999999999867,2.9466666666666668,441,697,15.173333333333334,0.7398580000000146,53525,0.0,0.9411764705882353,9.962499999999629,0,nan,0,0,95.21428571428571,55.964285714285715,114.05882352941177,29.647058823529413,,,,,,,,,,,
scaling,MARL w/o learning (PRoPHET prior),16,1,84,0.8928571428571429,8.599999999999826,3.44,449,790,16.52,0.7819546666666821,56926,0.0,1.0,12.289999999999477,0,nan,0,0,93.82142857142857,58.23809523809524,113.1,29.0,,,,,,,,,,,
scaling,MARL w/o learning (PRoPHET prior),16,2,84,0.9761904761904762,5.981707317073054,3.0609756097560976,417,765,14.414634146341463,0.758940243902449,56722,0.0,1.0,2.2842105263157664,0,nan,0,0,96.8452380952381,56.79761904761905,115.36842105263158,29.63157894736842,,,,,,,,,,,
scaling,MARL w/o learning (PRoPHET prior),16,3,84,0.8690476190476191,5.406849315068353,2.808219178082192,428,754,16.19178082191781,0.795073972602762,54250,0.0,0.9411764705882353,5.78124999999976,0,nan,0,0,94.07142857142857,55.79761904761905,113.23529411764706,29.470588235294116,,,,,,,,,,,
scaling,MARL w/o learning (PRoPHET prior),16,4,84,0.8214285714285714,10.727536231884017,3.8115942028985508,569,806,19.92753623188406,0.8085289855072694,63520,0.0,0.7647058823529411,5.546153846153806,0,nan,0,0,95.32142857142857,57.05952380952381,111.29411764705883,29.352941176470587,,,,,,,,,,,
scaling,MARL w/o learning (PRoPHET prior),16,5,84,0.7857142857142857,11.596969696969413,3.8484848484848486,561,844,21.28787878787879,0.9312462121212238,64265,0.0,1.0,11.861538461538238,0,nan,0,0,94.54761904761905,57.523809523809526,112.76923076923077,29.692307692307693,,,,,,,,,,,
scaling,MARL w/o federated gossip,16,0,84,0.9166666666666666,7.2714285714284115,2.831168831168831,416,677,14.194805194805195,0.7164558441558585,52995,0.0,0.9411764705882353,9.44999999999955,0,nan,0,0,95.21428571428571,55.964285714285715,114.05882352941177,29.647058823529413,,,,,,,,,,,
scaling,MARL w/o federated gossip,16,1,84,0.8571428571428571,6.25694444444436,2.9444444444444446,441,720,16.125,0.8087479166666817,55941,0.0,1.0,8.919999999999561,0,nan,0,0,93.82142857142857,58.23809523809524,113.1,29.0,,,,,,,,,,,
scaling,MARL w/o federated gossip,16,2,84,0.9642857142857143,5.456790123456727,3.1481481481481484,440,779,15.049382716049383,0.7773061728395164,58393,0.0,1.0,2.0789473684210416,0,nan,0,0,96.8452380952381,56.79761904761905,115.36842105263158,29.63157894736842,,,,,,,,,,,
scaling,MARL w/o federated gossip,16,3,84,0.8809523809523809,6.34054054054053,3.0135135135135136,471,792,17.06756756756757,0.7958432432432663,56551,0.0,1.0,6.77647058823495,0,nan,0,0,94.07142857142857,55.79761904761905,113.23529411764706,29.470588235294116,,,,,,,,,,,
scaling,MARL w/o federated gossip,16,4,84,0.8690476190476191,9.857534246575325,3.8767123287671232,545,811,18.575342465753426,0.7528924657534473,62206,0.0,0.8823529411764706,4.826666666666614,0,nan,0,0,95.32142857142857,57.05952380952381,111.29411764705883,29.352941176470587,,,,,,,,,,,
scaling,MARL w/o federated gossip,16,5,84,0.8928571428571429,10.070666666666392,3.6666666666666665,528,835,18.173333333333332,0.8053313333333411,62706,0.0,1.0,5.984615384615163,0,nan,0,0,94.54761904761905,57.523809523809526,112.76923076923077,29.692307692307693,,,,,,,,,,,
scaling,Flooding (BitChat TTL=7),32,0,166,0.9759036144578314,0.9012345679012346,2.253086419753086,5014,0,30.950617283950617,6.365279012345664,279053,173.85542168674698,0.96875,0.9806451612903226,0,nan,0,0,95.34939759036145,55.65060240963855,112.96875,29.59375,,,,,,,,,,,
scaling,Flooding (BitChat TTL=7),32,1,166,0.963855421686747,0.9100000000000001,2.275,4993,0,31.20625,6.742120312500002,278215,197.42168674698794,1.0,0.8457142857142858,0,nan,0,0,95.07831325301204,55.74096385542169,113.2,29.428571428571427,,,,,,,,,,,
scaling,Flooding (BitChat TTL=7),32,2,166,0.9698795180722891,0.9366459627329193,2.341614906832298,4963,0,30.82608695652174,6.5116301242236005,281383,177.16867469879517,1.0,0.9290322580645162,0,nan,0,0,95.1144578313253,56.95783132530121,113.90322580645162,29.516129032258064,,,,,,,,,,,
scaling,Flooding (BitChat TTL=7),32,3,166,0.9578313253012049,0.8654088050314467,2.1635220125786163,4874,0,30.654088050314467,6.792100628930822,270355,204.89156626506025,0.8709677419354839,1.0666666666666667,0,nan,0,0,94.73493975903614,55.19879518072289,114.7741935483871,29.483870967741936,,,,,,,,,,,
scaling,Flooding (BitChat TTL=7),32,4,166,0.963855421686747,1.0125000000000002,2.53125,4900,0,30.625,6.47052749999999,288726,158.85542168674698,0.9090909090909091,1.06,0,nan,0,0,94.0421686746988,58.95180722891566,114.72727272727273,29.772727272727273,,,,,,,,,,,
scaling,Flooding (BitChat TTL=7),32,5,166,0.9578313253012049,0.9132075471698115,2.2830188679245285,4909,0,30.87421383647799,6.367295283018863,277628,170.49397590361446,0.9487179487179487,0.9513513513513514,0,nan,0,0,96.12048192771084,56.58433734939759,111.43589743589743,29.46153846153846,,,,,,,,,,,
scaling,MARL (full),32,0,166,0.9216867469879518,4.468627450980337,4.176470588235294,1111,2785,25.464052287581698,1.338464379084967,152620,0.0,1.0,2.9968749999999256,0,nan,0,97,95.34939759036145,55.65060240963855,112.96875,29.59375,,,,,,,,,,,
scaling,MARL (full),32,1,166,0.9096385542168675,4.7324503311257775,3.986754966887417,1161,2697,25.549668874172184,1.3961850993377496,153404,0.0,0.9428571428571428,2.7333333333332797,0,nan,0,95,95.07831325301204,55.74096385542169,113.2,29.428571428571427,,,,,,,,,,,
scaling,MARL (full),32,2,166,0.9578313253012049,4.877358490565937,3.8553459119496853,1006,2714,23.39622641509434,1.293579245283002,150087,0.0,1.0,2.0129032258064172,0,nan,0,97,95.1144578313253,56.95783132530121,113.90322580645162,29.516129032258064,,,,,,,,,,,
scaling,MARL (full),32,3,166,0.9216867469879518,4.045751633986863,3.7973856209150325,1118,2776,25.45098039215686,1.4055493464052158,151356,0.0,0.9354838709677419,4.006896551724131,0,nan,0,90,94.73493975903614,55.19879518072289,114.7741935483871,29.483870967741936,,,,,,,,,,,
scaling,MARL (full),32,4,166,0.891566265060241,5.127702702702696,4.04054054054054,1132,2781,26.43918918918919,1.379719594594593,157981,0.0,0.9090909090909091,2.9449999999999426,0,nan,0,93,94.0421686746988,58.95180722891566,114.72727272727273,29.772727272727273,,,,,,,,,,,
scaling,MARL (full),32,5,166,0.9397590361445783,4.653205128205067,3.6346153846153846,1022,2479,22.442307692307693,1.2685608974358826,143552,0.0,0.9743589743589743,2.4263157894736365,0,nan,0,88,96.12048192771084,56.58433734939759,111.43589743589743,29.46153846153846,,,,,,,,,,,
scaling,MARL w/o learning (PRoPHET prior),32,0,166,0.9156626506024096,4.183552631578933,4.269736842105263,1166,2651,25.111842105263158,1.3265325657894695,148716,0.0,1.0,3.3468749999999683,0,nan,0,0,95.34939759036145,55.65060240963855,112.96875,29.59375,,,,,,,,,,,
scaling,MARL w/o learning (PRoPHET prior),32,1,166,0.927710843373494,4.4753246753246465,3.883116883116883,1028,2425,22.42207792207792,1.320830194805197,139656,0.0,0.9714285714285714,2.244117647058781,0,nan,0,0,95.07831325301204,55.74096385542169,113.2,29.428571428571427,,,,,,,,,,,
scaling,MARL w/o learning (PRoPHET prior),32,2,166,0.9397590361445783,5.007692307692242,4.038461538461538,1027,2588,23.173076923076923,1.2993894230769107,145429,0.0,1.0,1.916129032258041,0,nan,0,0,95.1144578313253,56.95783132530121,113.90322580645162,29.516129032258064,,,,,,,,,,,
scaling,MARL w/o learning (PRoPHET prior),32,3,166,0.9096385542168675,3.6774834437085238,3.8211920529801326,1128,2646,24.99337748344371,1.3974149006622374,144530,0.0,0.9032258064516129,3.7857142857142825,0,nan,0,0,94.73493975903614,55.19879518072289,114.7741935483871,29.483870967741936,,,,,,,,,,,
scaling,MARL w/o learning (PRoPHET prior),32,4,166,0.8734939759036144,4.992413793103403,4.172413793103448,1156,2652,26.26206896551724,1.387448620689656,153242,0.0,0.8636363636363636,2.726315789473635,0,nan,0,0,94.0421686746988,58.95180722891566,114.72727272727273,29.772727272727273,,,,,,,,,,,
scaling,MARL w/o learning (PRoPHET prior),32,5,166,0.9216867469879518,4.6398692810456845,3.7254901960784315,1054,2340,22.18300653594771,1.275732352941164,139668,0.0,0.9743589743589743,2.6105263157894547,0,nan,0,0,96.12048192771084,56.58433734939759,111.43589743589743,29.46153846153846,,,,,,,,,,,
scaling,MARL w/o federated gossip,32,0,166,0.9457831325301205,4.925477707006305,4.248407643312102,1104,2616,23.694267515923567,1.2661219745222911,143604,0.0,1.0,3.362499999999918,0,nan,0,0,95.34939759036145,55.65060240963855,112.96875,29.59375,,,,,,,,,,,
scaling,MARL w/o federated gossip,32,1,166,0.9457831325301205,4.715286624203805,4.13375796178344,1072,2484,22.64968152866242,1.302871019108282,142960,0.0,1.0,2.471428571428502,0,nan,0,0,95.07831325301204,55.74096385542169,113.2,29.428571428571427,,,,,,,,,,,
scaling,MARL w/o federated gossip,32,2,166,0.9518072289156626,4.936075949367,3.778481012658228,1002,2484,22.063291139240505,1.2687031645569458,141735,0.0,1.0,2.0870967741935225,0,nan,0,0,95.1144578313253,56.95783132530121,113.90322580645162,29.516129032258064,,,,,,,,,,,
scaling,MARL w/o federated gossip,32,3,166,0.9337349397590361,3.589032258064477,3.606451612903226,1034,2522,22.941935483870967,1.3448774193548274,139746,0.0,0.9354838709677419,3.3103448275862175,0,nan,0,0,94.73493975903614,55.19879518072289,114.7741935483871,29.483870967741936,,,,,,,,,,,
scaling,MARL w/o federated gossip,32,4,166,0.8975903614457831,5.274496644295334,4.147651006711409,1135,2604,25.093959731543624,1.344573489932886,152617,0.0,0.9090909090909091,2.419999999999944,0,nan,0,0,94.0421686746988,58.95180722891566,114.72727272727273,29.772727272727273,,,,,,,,,,,
scaling,MARL w/o federated gossip,32,5,166,0.9337349397590361,5.1974193548386065,3.903225806451613,1109,2382,22.52258064516129,1.2669132258064368,142782,0.0,0.9487179487179487,2.9081081081080415,0,nan,0,0,96.12048192771084,56.58433734939759,111.43589743589743,29.46153846153846,,,,,,,,,,,
scaling,Flooding (BitChat TTL=7),48,0,250,0.996,0.904417670682731,2.2610441767068274,11669,0,46.863453815261046,13.416952208835387,657094,510.748,1.0,0.8521739130434783,0,nan,0,0,95.16,56.32,114.67391304347827,29.652173913043477,,,,,,,,,,,
scaling,Flooding (BitChat TTL=7),48,1,250,0.98,0.8555102040816327,2.1387755102040815,11534,0,47.077551020408166,14.01753183673473,625822,574.376,1.0,0.8400000000000001,0,nan,0,0,95.644,54.356,111.9,29.516666666666666,,,,,,,,,,,
scaling,Flooding (BitChat TTL=7),48,2,250,0.992,0.8967741935483872,2.2419354838709675,11669,0,47.05241935483871,13.450866330645212,637749,531.34,0.984375,0.7936507936507936,0,nan,0,0,96.508,54.636,114.078125,29.5625,,,,,,,,,,,
scaling,Flooding (BitChat TTL=7),48,3,250,0.988,0.9101214574898786,2.2753036437246963,11606,0,46.987854251012145,12.848730566801668,637983,483.52,0.9824561403508771,0.8857142857142858,0,nan,0,0,95.34,54.976,113.71929824561404,29.596491228070175,,,,,,,,,,,
scaling,Flooding (BitChat TTL=7),48,4,250,0.98,0.822857142857143,2.057142857142857,11600,0,47.3469387755102,14.532686938775564,655302,574.456,0.9791666666666666,0.7659574468085106,0,nan,0,0,95.52,56.492,113.85416666666667,29.625,,,,,,,,,,,
scaling,Flooding (BitChat TTL=7),48,5,250,0.988,0.9295546558704454,2.3238866396761133,11571,0,46.84615384615385,12.947886842105309,630957,493.824,0.9841269841269841,0.8774193548387098,0,nan,0,0,96.396,54.644,113.77777777777777,29.53968253968254,,,,,,,,,,,
scaling,MARL (full),48,0,250,0.884,3.723076923076889,4.34841628959276,1757,5278,31.832579185520363,1.8715029411764625,264909,0.0,0.9130434782608695,1.6857142857143337,0,nan,0,150,95.16,56.32,114.67391304347827,29.652173913043477,,,,,,,,,,,
scaling,MARL (full),48,1,250,0.884,3.914932126696865,4.217194570135747,1790,5285,32.01357466063349,1.9778595022624588,265349,0.0,0.9661016949152542,1.9877192982456118,0,nan,0,149,95.628,54.588,111.69491525423729,29.491525423728813,,,,,,,,,,,
scaling,MARL (full),48,2,250,0.896,4.173660714285719,4.357142857142857,1930,5465,33.013392857142854,1.8970984374999784,270561,0.0,0.9375,2.3600000000000225,0,nan,0,156,96.508,54.636,114.078125,29.5625,,,,,,,,,,,
scaling,MARL (full),48,3,250,0.912,3.8583333333333805,4.271929824561403,1799,5198,30.68859649122807,1.7639346491227765,259022,0.0,0.9122807017543859,2.2692307692307945,0,nan,0,149,95.34,54.976,113.71929824561404,29.596491228070175,,,,,,,,,,,
scaling,MARL (full),48,4,250,0.912,3.9714912280701222,4.140350877192983,1706,5276,30.62280701754386,1.8982460526315403,260551,0.0,0.9166666666666666,2.2204545454545053,0,nan,0,152,95.52,56.492,113.85416666666667,29.625,,,,,,,,,,,
scaling,MARL (full),48,5,250,0.884,3.9144796380089737,4.334841628959276,1932,5226,32.38914027149321,1.8696092760180523,265854,0.0,0.8571428571428571,1.8851851851852215,0,nan,0,152,96.396,54.644,113.77777777777777,29.53968253968254,,,,,,,,,,,
scaling,MARL w/o learning (PRoPHET prior),48,0,250,0.864,3.1046296296295925,4.314814814814815,1774,5015,31.430555555555557,1.8883743055555497,255336,0.0,0.9130434782608695,1.6285714285714472,0,nan,0,0,95.16,56.32,114.67391304347827,29.652173913043477,,,,,,,,,,,
scaling,MARL w/o learning (PRoPHET prior),48,1,250,0.9,3.4693333333333305,4.5377777777777775,1801,5143,30.862222222222222,1.912852444444446,255710,0.0,0.9661016949152542,2.1859649122807046,0,nan,0,0,95.628,54.588,111.69491525423729,29.491525423728813,,,,,,,,,,,
scaling,MARL w/o learning (PRoPHET prior),48,2,250,0.88,3.353181818181782,4.681818181818182,1962,5335,33.16818181818182,1.9121438636363377,264099,0.0,0.90625,2.0724137931034297,0,nan,0,0,96.508,54.636,114.078125,29.5625,,,,,,,,,,,
scaling,MARL w/o learning (PRoPHET prior),48,3,250,0.884,3.368325791855217,4.48868778280543,1901,5060,31.497737556561084,1.8070140271492945,255882,0.0,0.9298245614035088,2.5433962264151004,0,nan,0,0,95.34,54.976,113.71929824561404,29.596491228070175,,,,,,,,,,,
scaling,MARL w/o learning (PRoPHET prior),48,4,250,0.876,2.8388127853881033,4.050228310502283,1755,5051,31.077625570776256,1.9567698630136638,253519,0.0,0.8958333333333334,2.2302325581394946,0,nan,0,0,95.52,56.492,113.85416666666667,29.625,,,,,,,,,,,
scaling,MARL w/o learning (PRoPHET prior),48,5,250,0.872,3.283486238532074,4.747706422018348,1983,5124,32.60091743119266,1.8799633027522449,261497,0.0,0.873015873015873,2.0036363636363785,0,nan,0,0,96.396,54.644,113.77777777777777,29.53968253968254,,,,,,,,,,,
scaling,MARL w/o federated gossip,48,0,250,0.876,3.676712328767114,4.228310502283105,1760,4942,30.602739726027398,1.854037671232868,252801,0.0,0.9130434782608695,1.747619047619096,0,nan,0,0,95.16,56.32,114.67391304347827,29.652173913043477,,,,,,,,,,,
scaling,MARL w/o federated gossip,48,1,250,0.904,4.222123893805306,4.535398230088496,1813,5105,30.61061946902655,1.9014904867256701,255086,0.0,0.9661016949152542,2.3789473684210853,0,nan,0,0,95.628,54.588,111.69491525423729,29.491525423728813,,,,,,,,,,,
scaling,MARL w/o federated gossip,48,2,250,0.896,3.9263392857142576,4.334821428571429,1861,5147,31.285714285714285,1.856254464285686,255047,0.0,0.921875,2.2169491525423823,0,nan,0,0,96.508,54.636,114.078125,29.5625,,,,,,,,,,,
scaling,MARL w/o federated gossip,48,3,250,0.92,3.6278260869565404,4.3826086956521735,1740,4897,28.856521739130436,1.7093673913043212,244332,0.0,0.9298245614035088,2.3962264150943837,0,nan,0,0,95.34,54.976,113.71929824561404,29.596491228070175,,,,,,,,,,,
scaling,MARL w/o federated gossip,48,4,250,0.912,3.7767543859648915,4.3201754385964914,1742,5061,29.837719298245613,1.8706221491227693,251519,0.0,0.8958333333333334,2.3302325581395036,0,nan,0,0,95.52,56.492,113.85416666666667,29.625,,,,,,,,,,,
scaling,MARL w/o federated gossip,48,5,250,0.908,4.061674008810477,4.656387665198238,1887,5012,30.3920704845815,1.7838680616739608,253505,0.0,0.8888888888888888,2.1642857142857137,0,nan,0,0,96.396,54.644,113.77777777777777,29.53968253968254,,,,,,,,,,,
attack,Flooding (BitChat TTL=7),16,0,191,0.774869109947644,0.8756756756756758,2.189189189189189,1975,0,13.344594594594595,1.5541006756756766,109001,16.01047120418848,0.8055555555555556,0.9241379310344828,0,nan,0,0,94.36125654450262,55.7434554973822,111.0,29.666666666666668,,,,,,,,,,,0.7848837209302325
attack,Flooding (BitChat TTL=7),16,1,191,0.7853403141361257,0.8373333333333334,2.0933333333333333,2067,0,13.78,1.6182419999999997,115957,14.507853403141361,0.7631578947368421,0.7862068965517242,0,nan,0,0,95.29319371727749,55.86910994764398,114.47368421052632,29.5,,,,,,,,,,,0.7674418604651163
attack,Flooding (BitChat TTL=7),16,2,191,0.8952879581151832,0.8233918128654971,2.0584795321637426,2416,0,14.128654970760234,1.7793804093567254,135257,20.853403141361255,0.875,1.0057142857142858,0,nan,0,0,95.06806282722513,55.86387434554974,113.1,29.65,,,,,,,,,,,0.8953488372093024
attack,Flooding (BitChat TTL=7),16,3,191,0.7958115183246073,0.8394736842105264,2.098684210526316,2164,0,14.236842105263158,1.6899378289473688,120862,17.98952879581152,0.8181818181818182,0.8,0,nan,0,0,95.717277486911,55.931937172774866,112.54545454545455,29.454545454545453,,,,,,,,,,,0.7790697674418605
attack,Flooding (BitChat TTL=7),16,4,191,0.6073298429319371,0.8551724137931035,2.1379310344827585,1680,0,14.482758620689655,1.4643905172413794,94197,7.963350785340314,0.6136363636363636,0.8740740740740741,0,nan,0,0,95.72251308900523,55.68062827225131,112.31818181818181,29.454545454545453,,,,,,,,,,,0.627906976744186
attack,Flooding (BitChat TTL=7),16,5,191,0.7068062827225131,0.894814814814815,2.237037037037037,2001,0,14.822222222222223,1.7383729629629636,111699,15.534031413612565,0.6739130434782609,0.9548387096774194,0,nan,0,0,96.41884816753927,55.37696335078534,112.65217391304348,29.5,,,,,,,,,,,0.6918604651162791
attack,Flooding (BitChat TTL=7),16,100,191,0.8010471204188482,0.9359477124183008,2.3398692810457518,1986,0,12.980392156862745,1.4971513071895424,112671,11.732984293193716,0.8421052631578947,0.9625000000000001,0,nan,0,0,94.82198952879581,56.5130890052356,112.60526315789474,29.44736842105263,,,,,,,,,,,0.8255813953488372
attack,Flooding (BitChat TTL=7),16,101,191,0.806282722513089,0.8675324675324677,2.168831168831169,2207,0,14.331168831168831,1.8143503246753234,127678,16.895287958115183,0.8,0.7666666666666667,0,nan,0,0,94.46596858638743,57.952879581151834,113.93333333333334,29.6,,,,,,,,,,,0.8081395348837209
attack,Flooding (BitChat TTL=7),16,102,191,0.7120418848167539,0.9705882352941176,2.426470588235294,1887,0,13.875,1.4830797794117647,104584,10.109947643979057,0.7096774193548387,1.1636363636363638,0,nan,0,0,94.49214659685863,55.675392670157066,112.45161290322581,29.64516129032258,,,,,,,,,,,0.686046511627907
attack,Flooding (BitChat TTL=7),16,103,191,0.7591623036649214,0.8386206896551724,2.0965517241379312,2078,0,14.331034482758621,1.6935075862068971,116699,17.230366492146597,0.75,0.9090909090909092,0,nan,0,0,95.8586387434555,55.56544502617801,112.56818181818181,29.477272727272727,,,,,,,,,,,0.7441860465116279
attack,Flooding (BitChat TTL=7),16,104,191,0.8167539267015707,0.8692307692307694,2.173076923076923,2112,0,13.538461538461538,1.6384532051282048,118238,16.968586387434556,0.8292682926829268,0.6705882352941177,0,nan,0,0,96.28795811518324,55.596858638743456,113.21951219512195,29.463414634146343,,,,,,,,,,,0.7965116279069767
attack,Flooding (BitChat TTL=7),16,105,191,0.8638743455497382,0.8751515151515152,2.187878787878788,2321,0,14.066666666666666,1.780279393939393,128904,21.7434554973822,0.775,0.8516129032258065,0,nan,0,0,95.17277486910994,55.424083769633505,113.475,29.65,,,,,,,,,,,0.872093023255814
attack,MARL (full),16,0,191,0.806282722513089,5.306493506493424,2.642857142857143,861,1097,12.714285714285714,0.4589308441558522,84815,0.0,0.9444444444444444,4.117647058823466,14,74.89999999999816,0,30,94.36125654450262,55.7434554973822,111.0,29.666666666666668,,,,,,,,,,,0.8313953488372093
attack,MARL (full),16,1,191,0.8638743455497382,6.707878787878629,2.812121212121212,904,1213,12.83030303030303,0.4485381818181915,89111,0.0,0.9473684210526315,2.986111111110991,17,37.500000000000284,0,36,95.29319371727749,55.86910994764398,114.47368421052632,29.5,,,,,,,,,,,0.877906976744186
attack,MARL (full),16,2,191,0.900523560209424,3.4703488372092823,2.5872093023255816,824,1205,11.796511627906977,0.43756337209302815,83281,0.0,0.925,2.164864864864953,17,39.70000000000016,0,32,95.06806282722513,55.86387434554974,113.1,29.65,,,,,,,,,,,0.9127906976744186
attack,MARL (full),16,3,191,0.8324607329842932,7.069811320754442,2.930817610062893,981,1366,14.761006289308176,0.48394213836478395,93014,0.0,0.7954545454545454,5.697142857142696,19,44.09999999999991,0,34,95.717277486911,55.931937172774866,112.54545454545455,29.454545454545453,,,,,,,,,,,0.8313953488372093
attack,MARL (full),16,4,191,0.7696335078534031,11.002040816326188,3.421768707482993,1282,1420,18.38095238095238,0.522182993197287,106680,0.0,0.9772727272727273,14.165116279069203,17,49.599999999999596,0,31,95.72251308900523,55.68062827225131,112.31818181818181,29.454545454545453,,,,,,,,,,,0.813953488372093
attack,MARL (full),16,5,191,0.8795811518324608,9.630952380952047,3.6607142857142856,1240,1582,16.797619047619047,0.4779967261904768,105226,0.0,0.9782608695652174,14.282222222221511,17,39.70000000000016,0,37,96.41884816753927,55.37696335078534,112.65217391304348,29.5,,,,,,,,,,,0.9069767441860465
attack,MARL (full),16,100,191,0.8795811518324608,7.525595238095067,3.255952380952381,1062,1362,14.428571428571429,0.45057648809524364,97388,0.0,0.9736842105263158,3.370270270270278,14,39.70000000000016,0,32,94.82198952879581,56.5130890052356,112.60526315789474,29.44736842105263,,,,,,,,,,,0.9011627906976745
attack,MARL (full),16,101,191,0.7853403141361257,5.525333333333259,2.8066666666666666,908,1235,14.286666666666667,0.5139556666666698,91019,0.0,0.8333333333333334,3.3000000000004195,21,42.99999999999997,0,34,94.46596858638743,57.952879581151834,113.93333333333334,29.6,,,,,,,,,,,0.7965116279069767
attack,MARL (full),16,102,191,0.8219895287958116,8.18407643312079,3.171974522292994,1161,1409,16.369426751592357,0.48954203821655723,102118,0.0,0.8709677419354839,13.107407407406903,16,34.20000000000047,0,34,94.49214659685863,55.675392670157066,112.45161290322581,29.64516129032258,,,,,,,,,,,0.8313953488372093
attack,MARL (full),16,103,191,0.806282722513089,5.089610389610553,2.935064935064935,1010,1299,14.993506493506494,0.4856068181818243,92214,0.0,0.8863636363636364,5.315384615384942,22,32.20000000000046,0,35,95.8586387434555,55.56544502617801,112.56818181818181,29.477272727272727,,,,,,,,,,,0.8197674418604651
attack,MARL (full),16,104,191,0.8167539267015707,6.188461538461586,2.5,961,1200,13.852564102564102,0.4911900641025659,91355,0.0,0.9024390243902439,5.7081081081084015,15,39.70000000000016,0,38,96.28795811518324,55.596858638743456,113.21951219512195,29.463414634146343,,,,,,,,,,,0.813953488372093
attack,MARL (full),16,105,191,0.8586387434554974,5.6182926829269295,2.908536585365854,893,1269,13.182926829268293,0.47267957317073184,88054,0.0,0.95,3.889473684210483,20,51.79999999999947,0,36,95.17277486910994,55.424083769633505,113.475,29.65,,,,,,,,,,,0.877906976744186
attack,MARL (no IDS),16,0,191,0.7277486910994765,5.042446043165491,2.258992805755396,800,953,12.611510791366907,0.4913233812949726,78597,0.0,0.8888888888888888,3.3781250000000878,44,nan,0,31,94.36125654450262,55.7434554973822,111.0,29.666666666666668,,,,,,,,,,,0.7441860465116279
attack,MARL (no IDS),16,1,191,0.6963350785340314,5.0315789473684855,2.3609022556390977,738,965,12.80451127819549,0.5201751879699335,77352,0.0,0.7368421052631579,3.350000000000317,64,nan,0,38,95.29319371727749,55.86910994764398,114.47368421052632,29.5,,,,,,,,,,,0.6918604651162791
attack,MARL (no IDS),16,2,191,0.7120418848167539,2.719852941176371,2.176470588235294,701,961,12.220588235294118,0.5254871323529479,73744,0.0,0.775,1.5096774193548186,68,nan,0,34,95.06806282722513,55.86387434554974,113.1,29.65,,,,,,,,,,,0.7034883720930233
attack,MARL (no IDS),16,3,191,0.7068062827225131,5.597037037036881,2.585185185185185,815,1119,14.325925925925926,0.5317629629629704,81704,0.0,0.6590909090909091,4.696551724137901,68,nan,0,35,95.717277486911,55.931937172774866,112.54545454545455,29.454545454545453,,,,,,,,,,,0.6918604651162791
attack,MARL (no IDS),16,4,191,0.6178010471204188,6.694067796610152,2.864406779661017,1020,1106,18.016949152542374,0.5824673728813708,88885,0.0,0.75,8.618181818181599,79,nan,0,34,95.72251308900523,55.68062827225131,112.31818181818181,29.454545454545453,,,,,,,,,,,0.6453488372093024
attack,MARL (no IDS),16,5,191,0.643979057591623,5.552032520325138,2.6991869918699187,913,1101,16.3739837398374,0.5834764227642306,84428,0.0,0.6521739130434783,7.463333333333367,82,nan,0,40,96.41884816753927,55.37696335078534,112.65217391304348,29.5,,,,,,,,,,,0.6453488372093024
attack,MARL (no IDS),16,100,191,0.5602094240837696,3.676635514018667,2.2990654205607477,748,894,15.345794392523365,0.6160649532710387,73458,0.0,0.7105263157894737,3.003703703703741,90,nan,0,34,94.82198952879581,56.5130890052356,112.60526315789474,29.44736842105263,,,,,,,,,,,0.5465116279069767
attack,MARL (no IDS),16,101,191,0.675392670157068,5.3317829457362205,2.643410852713178,761,1069,14.186046511627907,0.5661961240310134,81719,0.0,0.7,2.9761904761903515,62,nan,0,38,94.46596858638743,57.952879581151834,113.93333333333334,29.6,,,,,,,,,,,0.6744186046511628
attack,MARL (no IDS),16,102,191,0.4869109947643979,6.010752688171848,2.3763440860215055,735,884,17.408602150537636,0.6927010752688197,73299,0.0,0.6129032258064516,13.357894736841544,106,nan,0,36,94.49214659685863,55.675392670157066,112.45161290322581,29.64516129032258,,,,,,,,,,,0.45930232558139533
attack,MARL (no IDS),16,103,191,0.6492146596858639,4.130645161290305,2.3548387096774195,840,1036,15.129032258064516,0.5642798387096886,80307,0.0,0.7045454545454546,4.783870967742246,83,nan,0,39,95.8586387434555,55.56544502617801,112.56818181818181,29.477272727272727,,,,,,,,,,,0.6453488372093024
attack,MARL (no IDS),16,104,191,0.581151832460733,4.421621621621562,2.081081081081081,733,912,14.81981981981982,0.6321013513513551,76157,0.0,0.7560975609756098,2.2774193548386226,87,nan,0,42,96.28795811518324,55.596858638743456,113.21951219512195,29.463414634146343,,,,,,,,,,,0.5523255813953488
attack,MARL (no IDS),16,105,191,0.6492146596858639,5.125000000000102,2.4596774193548385,746,982,13.935483870967742,0.5871677419354853,76376,0.0,0.75,4.886666666666632,74,nan,0,38,95.17277486910994,55.424083769633505,113.475,29.65,,,,,,,,,,,0.6453488372093024
coldstart,"Cold start, no learning",32,0,391,0.20460358056265984,14.993750000001793,6.1625,3212,5016,102.85,5.357629999999762,320236,0.0,0.6388888888888888,5.780434782609502,0,nan,0,0,94.86445012787723,55.64450127877238,112.625,29.52777777777778,0.175,0.2,0.13513513513513514,0.2,0.275,0.2894736842105263,0.175,0.2631578947368421,0.1282051282051282,0.20512820512820512,
coldstart,"Cold start, no learning",32,1,391,0.2071611253196931,13.243209876544698,6.382716049382716,3399,5035,104.12345679012346,5.359280864197241,325435,0.0,0.6463414634146342,4.820754716981718,0,nan,0,0,95.09718670076727,55.65473145780051,113.3048780487805,29.536585365853657,0.3,0.225,0.21621621621621623,0.15,0.175,0.18421052631578946,0.15,0.15789473684210525,0.23076923076923078,0.28205128205128205,
coldstart,"Cold start, no learning",32,2,391,0.23529411764705882,14.819565217392938,6.5978260869565215,3131,5042,88.83695652173913,4.7790059782605985,317818,0.0,0.7631578947368421,5.732758620690424,0,nan,0,0,95.15089514066496,56.491048593350385,114.3157894736842,29.55263157894737,0.35,0.225,0.1891891891891892,0.2,0.2,0.2631578947368421,0.3,0.18421052631578946,0.20512820512820512,0.23076923076923078,
coldstart,"Cold start, no learning",32,3,391,0.22506393861892582,14.303409090910815,6.034090909090909,2954,4779,87.875,4.970781818181472,306595,0.0,0.7361111111111112,6.230188679245791,0,nan,0,0,95.25831202046035,56.294117647058826,113.65277777777777,29.38888888888889,0.25,0.275,0.1891891891891892,0.25,0.175,0.18421052631578946,0.325,0.15789473684210525,0.15384615384615385,0.28205128205128205,
coldstart,"Cold start, no learning",32,4,391,0.2071611253196931,13.004938271606223,5.790123456790123,3110,4798,97.62962962962963,5.119079629629361,314934,0.0,0.68,4.427450980392778,0,nan,0,0,95.52685421994885,57.0613810741688,114.72,29.613333333333333,0.2,0.175,0.16216216216216217,0.325,0.2,0.18421052631578946,0.275,0.21052631578947367,0.10256410256410256,0.23076923076923078,
coldstart,"Cold start, no learning",32,5,391,0.2557544757033248,13.052000000001824,6.58,3222,4992,82.14,4.208097999999792,316557,0.0,0.7777777777777778,5.237142857143602,0,nan,0,0,95.9923273657289,56.13554987212276,112.03333333333333,29.488888888888887,0.225,0.3,0.3783783783783784,0.325,0.3,0.15789473684210525,0.175,0.15789473684210525,0.23076923076923078,0.3076923076923077,
coldstart,Cold start + TD learning,32,0,391,0.6624040920716112,11.756756756757726,7.374517374517374,4953,8401,51.55984555984556,1.9509449806949064,474960,0.0,0.6666666666666666,3.3875000000003612,0,nan,0,0,94.86445012787723,55.64450127877238,112.625,29.52777777777778,0.55,0.825,0.5945945945945946,0.775,0.925,0.5789473684210527,0.7,0.7631578947368421,0.2564102564102564,0.6410256410256411,
coldstart,Cold start + TD learning,32,1,391,0.7186700767263428,8.472597864769371,6.843416370106762,4608,7992,44.83985765124555,1.76455355871879,449916,0.0,0.8292682926829268,3.8588235294121387,0,nan,0,0,95.09718670076727,55.65473145780051,113.3048780487805,29.536585365853657,0.875,0.875,0.8108108108108109,0.85,0.65,0.7894736842105263,0.7,0.6052631578947368,0.3076923076923077,0.717948717948718,
coldstart,Cold start + TD learning,32,2,391,0.7161125319693095,8.449285714286498,6.253571428571429,4471,7828,43.925,1.7875344642856417,439139,0.0,0.7894736842105263,5.060000000000683,0,nan,0,0,95.15089514066496,56.491048593350385,114.3157894736842,29.55263157894737,0.925,0.7,0.5675675675675675,0.85,0.825,0.5,0.875,0.631578947368421,0.38461538461538464,0.8717948717948718,
coldstart,Cold start + TD learning,32,3,391,0.7033248081841432,7.345454545455084,6.152727272727272,4356,7651,43.661818181818184,1.8349847272726352,439594,0.0,0.7777777777777778,4.039285714286029,0,nan,0,0,95.25831202046035,56.294117647058826,113.65277777777777,29.38888888888889,0.825,0.55,0.7297297297297297,0.8,0.875,0.5789473684210527,0.875,0.7105263157894737,0.358974358974359,0.717948717948718,
coldstart,Cold start + TD learning,32,4,391,0.5115089514066496,11.259000000001414,6.855,5289,7912,66.005,2.539077249999918,495522,0.0,0.6933333333333334,3.8826923076928708,0,nan,0,0,95.52685421994885,57.0613810741688,114.72,29.613333333333333,0.6,0.45,0.6756756756756757,0.7,0.825,0.5,0.525,0.3157894736842105,0.15384615384615385,0.358974358974359,
coldstart,Cold start + TD learning,32,5,391,0.6521739130434783,8.897647058824333,6.152941176470589,4533,7467,47.05882352941177,1.9194221568626817,446891,0.0,0.8444444444444444,4.4750000000006365,0,nan,1,0,95.9923273657289,56.13554987212276,112.03333333333333,29.488888888888887,0.775,0.8,0.6756756756756757,0.7,0.875,0.39473684210526316,0.525,0.631578947368421,0.4358974358974359,0.6923076923076923,
coldstart,Cold start + TD + gossip FL,32,0,391,0.6956521739130435,8.701838235294789,6.680147058823529,4584,8336,47.5,1.845613235294046,464588,0.0,0.7916666666666666,3.7684210526319686,0,nan,0,186,94.86445012787723,55.64450127877238,112.625,29.52777777777778,0.675,0.775,0.5405405405405406,0.8,0.925,0.6842105263157895,0.75,0.7631578947368421,0.2564102564102564,0.7692307692307693,
coldstart,Cold start + TD + gossip FL,32,1,391,0.7237851662404092,8.58445229682057,6.4628975265017665,4473,8094,44.40636042402827,1.7727286219080567,456396,0.0,0.8536585365853658,4.687142857143458,0,nan,0,180,95.09718670076727,55.65473145780051,113.3048780487805,29.536585365853657,0.95,0.95,0.7567567567567568,0.95,0.65,0.6842105263157895,0.75,0.5263157894736842,0.2564102564102564,0.7435897435897436,
coldstart,Cold start + TD + gossip FL,32,2,391,0.7698209718670077,6.492026578073584,5.956810631229236,4064,7908,39.77408637873754,1.6497061461793394,428940,0.0,0.8157894736842105,4.096774193548939,0,nan,0,180,95.15089514066496,56.491048593350385,114.3157894736842,29.55263157894737,0.9,0.875,0.7837837837837838,0.75,0.775,0.631578947368421,0.925,0.7368421052631579,0.41025641025641024,0.8974358974358975,
coldstart,Cold start + TD + gossip FL,32,3,391,0.7774936061381074,6.048355263158428,5.634868421052632,3886,7586,37.73684210526316,1.627899013157818,418263,0.0,0.8194444444444444,4.515254237288413,0,nan,0,174,95.25831202046035,56.294117647058826,113.65277777777777,29.38888888888889,0.875,0.625,0.7837837837837838,1.0,0.95,0.8157894736842105,0.8,0.6578947368421053,0.4358974358974359,0.8205128205128205,
coldstart,Cold start + TD + gossip FL,32,4,391,0.7365728900255755,7.73402777777839,6.447916666666667,4314,8110,43.138888888888886,1.6989248263888348,459255,0.0,0.8266666666666667,3.7919354838716037,0,nan,0,181,95.52685421994885,57.0613810741688,114.72,29.613333333333333,0.625,0.7,0.8648648648648649,0.825,0.95,0.9210526315789473,0.85,0.5526315789473685,0.41025641025641024,0.6666666666666666,
coldstart,Cold start + TD + gossip FL,32,5,391,0.7058823529411765,8.056521739131009,5.833333333333333,4283,7614,43.10507246376812,1.7616001811593525,439856,0.0,0.8222222222222222,4.029729729730176,0,nan,0,176,95.9923273657289,56.13554987212276,112.03333333333333,29.488888888888887,0.75,0.95,0.5945945945945946,0.825,0.9,0.5789473684210527,0.75,0.631578947368421,0.3076923076923077,0.7435897435897436,
coldstart,MARL w/o learning (PRoPHET prior),32,0,391,0.8849104859335039,4.172254335260597,4.144508670520231,2854,5959,25.471098265895954,1.257595520231169,336953,0.0,0.9166666666666666,2.5484848484850593,0,nan,0,0,94.86445012787723,55.64450127877238,112.625,29.52777777777778,0.65,0.925,0.7297297297297297,0.975,1.025,0.868421052631579,0.875,1.0263157894736843,0.8974358974358975,0.8717948717948718,
coldstart,MARL w/o learning (PRoPHET prior),32,1,391,0.928388746803069,4.549035812672699,4.2727272727272725,2648,5706,23.013774104683197,1.1923736914600087,326228,0.0,0.9878048780487805,2.59382716049415,0,nan,0,0,95.09718670076727,55.65473145780051,113.3048780487805,29.536585365853657,1.0,0.975,1.0810810810810811,0.925,0.825,0.868421052631579,0.925,0.8157894736842105,0.8461538461538461,1.0256410256410255,
coldstart,MARL w/o learning (PRoPHET prior),32,2,391,0.9514066496163683,3.990591397849838,3.838709677419355,2374,5484,21.123655913978496,1.1620594086020986,305924,0.0,0.9736842105263158,2.4918918918921684,0,nan,0,0,95.15089514066496,56.491048593350385,114.3157894736842,29.55263157894737,0.9,1.0,0.8918918918918919,0.925,0.975,1.0263157894736843,1.0,0.8421052631578947,0.8974358974358975,1.0512820512820513,
coldstart,MARL w/o learning (PRoPHET prior),32,3,391,0.9130434782608695,3.96498599439822,3.697478991596639,2540,5490,22.49299719887955,1.2339549019607094,315271,0.0,0.9166666666666666,2.4227272727274944,0,nan,0,0,95.25831202046035,56.294117647058826,113.65277777777777,29.38888888888889,0.9,0.925,0.8648648648648649,0.95,0.9,0.9210526315789473,0.95,0.8947368421052632,0.8974358974358975,0.9230769230769231,
coldstart,MARL w/o learning (PRoPHET prior),32,4,391,0.887468030690537,4.5979827089342145,4.282420749279539,2920,5981,25.65129682997118,1.2403095100864163,349118,0.0,0.92,2.185507246377137,0,nan,0,0,95.52685421994885,57.0613810741688,114.72,29.613333333333333,0.85,0.75,0.918918918918919,0.925,1.025,1.0263157894736843,0.925,0.7894736842105263,0.8717948717948718,0.7948717948717948,
coldstart,MARL w/o learning (PRoPHET prior),32,5,391,0.9335038363171355,4.752876712329206,4.164383561643835,2575,5567,22.306849315068494,1.1577909589040751,320688,0.0,0.9888888888888889,2.6617977528093286,0,nan,0,0,95.9923273657289,56.13554987212276,112.03333333333333,29.488888888888887,0.9,0.925,0.972972972972973,0.925,1.0,0.8947368421052632,0.975,0.8947368421052632,0.8717948717948718,0.9743589743589743,
